,pageid,parent_id,sex,sortkeyprefix,title,prefix
810,2211134,3572734,female,,うをとも,
850,501575,3572734,female,,きみきみ,
1925,3433040,1486251,female,,あやきいく,
1949,4840463,1486251,female,,あんりあんな,
3333,3648531,3572734,female,,なかし,
3835,5125621,1486251,female,,いちか,
4120,1045128,3510070,male,,いときん,
4240,5006441,3572733,male,,しんとすけ,
4248,3844111,3572733,male,,せいや,
4597,3422423,1486137,male,,けみお,
4737,4405665,3918819,male,,あむぎり,
5472,4082630,3918821,female,,かほなん,
5551,3991594,4076252,male,,よしあき,
6659,4165144,3918821,female,,くれいじーまぐねっと,
6699,3998180,3918821,female,,さえきやひろ,
7145,3991594,1486137,male,,よしあき,
7222,4809228,3918819,male,,かなたいむ。,
7346,4985049,3918821,female,,しなこ,
7384,2161906,3397597,female,,みろ,
7815,3422423,3510070,male,,けみお,
8080,4718511,3918819,male,,きよまろ,
8107,3422423,3918819,male,,けみお,
8110,4962412,3918819,male,,けんき,
8381,4558006,3918819,male,,さがらごうち,
8403,3984109,3918819,male,,さなり,
8577,4120674,1486221,female,,あいめろ,
9697,4511183,3918821,female,,とるる,
9732,5018623,3918821,female,,なるり,
9749,3940476,3918821,female,,ねお,
9828,4985049,1486251,female,,しなこ,
10386,3664601,3526999,female,,ノート:グラビアモデル,
10735,5046531,3918821,female,,ひまひま,
11024,5054493,3918819,male,,しんたろー (インフルエンサー),
11064,3844111,3918819,male,,せいや,
11081,3542505,3918819,male,,そらる,
11172,4708414,1486221,female,,うたな,
11701,5137950,3918821,female,,まりな (ヘラヘラ三銃士),
11834,3569322,1486251,female,,ときひろみ,
11900,4708414,4131512,female,,うたな,
12001,4395005,3918819,male,,ちゃんねる鰐,
12550,4916857,3918821,female,,もろんのん,
12844,4397786,3918819,male,,ともやん,
13543,4911422,3918819,male,,ひろき,
13915,4082630,4102361,female,,かほなん,
14246,3563726,4006334,female,,まついのりこ,
14250,4112728,4006334,female,,まめこ,
14417,4082630,1486221,female,,かほなん,
16687,4132321,3918819,male,,みやゆう,
17232,1782782,4006335,female,,くりむ,
17617,3985271,3510070,male,,やとみまたはち,
17823,4673368,3918819,male,,ゆうた (コムドット),
17836,3991594,3918819,male,,よしあき,
17868,4293773,3918819,male,,わいわい (ゲーム実況者),
18233,4082630,4131512,female,,かほなん,
18786,191964,631556,female,,あさみ,
18884,3217087,4006331,female,,香谷美季,
19001,4631359,4131512,female,,かんあゆ,
20883,4297337,4102361,female,,しらい,
21128,1900866,4131512,female,,きよこ,
21263,562409,4006335,female,,ゆうまお,
21507,453224,4102361,female,,そめやゆきこ,
23236,1551669,4131512,female,,さとうともみ,
24080,3940476,1486221,female,,ねお,
24490,2833606,1486221,female,,はたゆりこ,
24503,834679,1486221,female,,はねゆり,
26027,2359619,4131512,female,,しより,
26917,453224,4131512,female,,そめやゆきこ,
27359,2781009,4131512,female,,たくませいこ,
27630,453224,197692,female,,そめやゆきこ,
28814,2833606,4102361,female,,はたゆりこ,
29597,143721,4131512,female,,ちはる,
29851,4955604,4102361,female,,ふぇりすみにょん,
30364,3569322,4131512,female,,ときひろみ,
31066,4073958,4131512,female,,なかねかな,
31661,2470542,4131512,female,,なつこ,
32314,3940476,4131512,female,,ねお,
34047,2833606,4131512,female,,はたゆりこ,
34770,5046531,4131512,female,,ひまひま,
35306,148769,3582970,male,,きたろう,
35990,1993134,197692,female,,ももゆい,
37003,5125621,5003690,female,,いちか,
37106,1475001,230937,female,,あすかりの,
37701,2020335,5003690,female,,うらん (1999年生),
38157,4713667,4102361,female,,ゆらぴこ,
39999,3664601,197692,female,,ノート:グラビアモデル,
40795,2926010,3227111,female,,りっち。,
41360,1993134,4131512,female,,ももゆい,
42358,1900866,3551922,female,,きよこ,
43526,562409,3510628,female,,ゆうまお,
44573,1061381,4131512,female,,ららさくら,
47138,4599742,5003690,female,,ゆめり,
48063,971411,3922718,female,,つきよみ,
48686,4631359,4325406,female,,かんあゆ,
50291,2971887,3854426,female,,あゆみくりかまき,
50434,4672778,3551922,female,,やすきひろこ,
50700,191964,912499,female,,あさみ,
51217,43676,912499,female,,みちよ,
51242,128246,912499,female,,りんね,
51926,3844111,3582970,male,,せいや,
52257,3795468,4549273,male,,あすかけん,
52631,4017868,3510074,female,,きあと,
53224,1782782,3510074,female,,くりむ,
53775,3135214,4549273,male,,よしととひうた,
54293,4174205,3854426,female,,さっきの女の子、,
54565,370367,3510074,female,,さこみちよ,
57145,4838558,3854426,female,,ねおち,
61234,3367860,3582970,male,,たなか (音楽家),
61771,1269081,676880,female,,ちふゆ,
62018,1746329,230937,female,,ひなこ,
63050,4470737,3854426,female,,まかろんぱぁてぃ,
63059,3913611,3854426,female,,まじばんch,
63683,4278042,3854426,female,,めにぱら,
64024,2470542,3510074,female,,なつこ,
64035,3994675,3510074,female,,ななきさとえ,
64763,4043308,3582970,male,,つわぶき峻,
64799,590159,3510074,female,,のこいのこ,
64839,2833606,3510074,female,,はたゆりこ,
66870,151104,3582970,male,,てらそままさき,
67237,126505,676880,female,,ならはしみき,
68409,4760557,3582970,male,,とめぞう,
69564,2103393,676880,female,,ねこまろ,
69989,2375243,676998,male,,こんつ,
70322,2388570,676880,female,,のらのねこ,
70953,432340,676880,female,,はにおかゆきこ,
71080,2847065,3510074,female,,やや,
71349,245437,3510625,male,,あさき,
71697,1042,3510074,female,,れいち,
71782,5133753,1741502,male,,さんま DE サンバ,
71804,119820,1741502,male,,さんまのまんま,
71919,4397786,1980330,male,,ともやん,
72877,1422381,3406163,male,,こにわ,
75161,3938544,676880,female,,ほなみ,
77582,3295285,676880,female,,みさお,
77651,1836653,676880,female,,みすみ,
77825,151104,676998,male,,てらそままさき,
78233,673734,676880,female,,みる,
79625,3311570,3459374,male,,いらこん,
80508,4027572,676880,female,,ゆうか (声優),
80528,20572,676880,female,,ゆかな,
80540,54632,676880,female,,ゆきのさつき,
81287,3900765,676880,female,,れいみ,
81404,1586271,3510625,male,,せんたろ,
82063,4909502,3582970,male,,ほしら,
82643,98106,3582970,male,,ほんこん,
83768,4897265,3931579,male,,シクフォニ,
84917,75605,3510625,male,,なるけみちこ,
85088,1294225,3516541,male,,こまつ,
85420,3984109,3516541,male,,さなり,
85611,296525,676998,male,,みのすけ,
86897,3542505,3516541,male,,そらる,
86973,2064120,3516544,male,,まつきあゆむ,
87260,296525,3582970,male,,みのすけ,
87697,3542505,3510623,male,,そらる,
87771,3367860,3510623,male,,たなか (音楽家),
89878,4417043,3516541,male,,ゆう十,
90140,2317292,3510625,male,,むつひろし,
90329,2064120,3510623,male,,まつきあゆむ,
90404,3985271,3510625,male,,やとみまたはち,
90562,4308229,3510623,male,,もさを。,
90711,2811065,3810664,female,,たなさたん,
90946,483292,3818983,female,,あやや,
91080,1643973,2507772,female,,まのえり,
91391,4417043,3510623,male,,ゆう十,
91422,3135214,3510623,male,,よしととひうた,
92366,1467276,3510624,female,,あえか,
92570,590159,4006340,female,,のこいのこ,
92626,1467276,3512606,female,,あえか,
92968,192695,3510665,female,,あみん,
94075,2607683,4634445,female,,なついろ,
94491,2114264,3512606,female,,いつか (歌手),
94677,4043289,3510613,female,,ももすももす,
94690,4214079,3510613,female,,ゆいにしお,
94692,4713667,3510613,female,,ゆらぴこ,
95165,4073958,3511934,female,,なかねかな,
96150,3863065,3510624,female,,さめざめ,
97377,4540352,3510624,female,,ずみを,
97635,4204448,3513465,female,,いとくとら,
98301,4764771,3510624,female,,とた,
98368,3323815,3510624,female,,ななみ,
98739,1999377,3844418,female,,せせなやう,
98810,4329490,3510624,female,,にしな,
98853,2833606,3510624,female,,はたゆりこ,
99061,4985049,3512606,female,,しなこ,
99117,4827644,3844418,female,,たなかみさき,
99174,1816987,3844418,female,,なもり,
99205,3710822,3844418,female,,はりかも,
99387,4112728,3844418,female,,まめこ,
99396,592977,3844418,female,,みけおう,
99413,4500047,3844418,female,,みずき健,
99420,963479,1587594,female,,Association to Advance Collegiate Schools of Business,
99508,1367528,1587594,female,,ほたるまち,
99869,171807,3510624,female,,ひらめ (シンガーソングライター),
100405,3022042,3510624,female,,みきちゅ,
100406,3991830,3510624,female,,みきなつみ,
100429,43676,3510624,female,,みちよ,
100681,5159362,3844418,female,,もねてぃ,
101146,4008069,3510624,female,,みゆな,
101177,4043289,3510624,female,,ももすももす,
101855,4214079,3510624,female,,ゆいにしお,
101863,562409,3510624,female,,ゆうまお,
102227,4073958,3512606,female,,なかねかな,
102280,3323815,3512606,female,,ななみ,
102327,4308205,3510624,female,,りりあ。,
102353,3857626,3510624,female,,れみふぁ,
102676,834679,3512606,female,,はねゆり,
103547,43676,3512606,female,,みちよ,
104614,2722067,4481027,female,,いせゆみこ,
104842,3940476,4481471,female,,ねお,
105024,4672778,4481471,female,,やすきひろこ,
105397,4214079,3512606,female,,ゆいにしお,
105405,562409,3512606,female,,ゆうまお,
105413,20572,3512606,female,,ゆかな,
105433,4713667,3512606,female,,ゆらぴこ,
105474,4722448,3512606,female,,よせい,
105554,3857626,3512606,female,,れみふぁ,
106295,2020335,4481027,female,,うらん (1999年生),
106299,2211134,4481027,female,,うをとも,
109078,1993134,4332483,female,,ももゆい,
